[
    {
        "id": 1,
        "name": "Tank Top",
        "description": "Cool shirt",
        "picture": {
            "src": "cloth_1.jpg",
            "alt" : "Tank Top Cloth"
        },
        "price": {
            "new": 50,
            "old": 75
        },
        "delivery": true,
        "stars": 3,
        "category": {
            "id": 1,
            "title": "Men"
        },
        "sizes": [
            {
                "id": 1,
                "title" : "Small"
            },
            {
                "id": 2,
                "title" : "Medium"
            }
        ],
        "colors": [
            {
                "id": 1,
                "title": "Red",
                "color": "#ff0000"
            },
            {
                "id": 2,
                "title": "Green",
                "color": "#00ff00"
            }
        ] 
    },
    {
        "id": 2,
        "name": "Corater",
        "description": "You need to have this one.",
        "picture": {
            "src": "cloth_2.jpg",
            "alt" : "Corater Cloth"
        },
        "price": {
            "new": 150,
            "old": 189
        },
        "delivery": false,
        "stars": 4,
        "category": {
            "id": 2,
            "title": "Men"
        },
        "sizes": [
            {
                "id": 3,
                "title" : "Large"
            }
        ],
        "colors": [
            {
                "id": 3,
                "title": "Blue",
                "color": "#0000ff"
            },
            {
                "id": 4,
                "title": "Purple",
                "color": "purple"
            }
        ] 
    },
    {
        "id": 3,
        "name": "Polo shirt",
        "description": "Polo shirt = Cool shirt",
        "picture": {
            "src": "cloth_3.jpg",
            "alt" : "Polo shirt Cloth"
        },
        "price": {
            "new": 299,
            "old": 300
        },
        "delivery": false,
        "stars": 5,
        "category": {
            "id": 2,
            "title": "Women"
        },
        "sizes": [
            {
                "id": 1,
                "title" : "Small"
            }
        ],
        "colors": [
            {
                "id": 4,
                "title": "Purple",
                "color": "purple"
            },
            {
                "id": 5,
                "title": "Orange",
                "color": "orange"
            }
        ] 
    }
]